time,stdev
51.190400,1.269005
27.697650,1.153089
20.461200,0.842166
16.468500,0.355944
14.739800,0.340406
13.421650,0.199653
12.535100,0.194857
12.602600,0.650898
12.877550,0.688721
13.312450,0.631031
13.782850,0.986889
13.844900,0.600974
14.503950,0.962919
15.746400,2.260325
16.303900,1.246738
17.410850,1.646419
